source,method,param,value,min,max,at_bound
daymet,da,ETc,8.834866813370024,0.0,10.0,
daymet,da,beta,0.1694939865088146,0.0,1.0,
daymet,da,alpha1,0.0,0.0,1.0,min
daymet,da,D1,138.39657431840897,10.0,500.0,
daymet,da,k1,0.4677761335024321,0.001,0.99,
daymet,da,alpha2,0.0,0.0,1.0,min
daymet,da,D2,508.4978633597493,10.0,1000.0,
daymet,da,k2,0.2292601104076437,0.001,0.99,
daymet,de,ETc,8.834641905152619,0.0,10.0,
daymet,de,beta,0.169503644549339,0.0,1.0,
daymet,de,alpha1,0.0,0.0,1.0,min
daymet,de,D1,355.2102463648566,10.0,500.0,
daymet,de,k1,0.4677646026466149,0.001,0.99,
daymet,de,alpha2,0.0,0.0,1.0,min
daymet,de,D2,657.7995199248373,10.0,1000.0,
daymet,de,k2,0.2292705088467957,0.001,0.99,
nldas,da,ETc,7.344766309763681,0.0,10.0,
nldas,da,beta,0.1459582907509524,0.0,1.0,
nldas,da,alpha1,0.0,0.0,1.0,min
nldas,da,D1,138.39657431840897,10.0,500.0,
nldas,da,k1,0.3008387700548234,0.001,0.99,
nldas,da,alpha2,0.0,0.0,1.0,min
nldas,da,D2,508.4978633597493,10.0,1000.0,
nldas,da,k2,0.3006855709804652,0.001,0.99,
nldas,de,ETc,7.344528458747607,0.0,10.0,
nldas,de,beta,0.1459850496393858,0.0,1.0,
nldas,de,alpha1,0.0,0.0,1.0,min
nldas,de,D1,319.3491218244288,10.0,500.0,
nldas,de,k1,0.3007455157616563,0.001,0.99,
nldas,de,alpha2,0.0,0.0,1.0,min
nldas,de,D2,638.7740968939846,10.0,1000.0,
nldas,de,k2,0.3007784985793562,0.001,0.99,
