gauge_id,source,method,seed,ETc,beta,alpha1,D1,k1,alpha2,D2,k2,NSE_cal,KGE_cal,NSE_val,KGE_val,balance_resid_sum_mm,balance_rel_err,peak_ratio_val,p95_ratio_val,mean_ratio_val
02327100,daymet,de,100,10.0,0.08435296737018486,0.0,241.9222802313426,0.1983888574318054,0.386537279768659,24.83306537145305,0.06795012275552613,0.5496386056261895,0.6106741869289111,0.6020338984053801,0.6177115446472656,2.9602180082188845e-12,5.695071775165284e-17,0.584004915674244,0.8656337839060436,1.169051263466559
02327100,daymet,de,101,8.388289975869156,0.18447515731213995,0.0,225.69145399219798,0.23281016130558624,0.0,658.8957362454839,0.4617548217752683,0.5315066280862035,0.6227650557047112,0.5663435269535763,0.640327678884695,-8.025580171569406e-14,-1.5440165213349202e-18,0.44436314114679787,1.0092642259372318,1.0955413064024973
02327100,daymet,de,102,9.920239044116544,0.08677438342839669,0.0,262.2135992813663,0.2003518319785853,0.38463766468462546,25.955723635681256,0.06489087641989214,0.5503144990413638,0.6096809494118423,0.6025383844768081,0.6160925352446136,-1.159920683807547e-12,-2.2315354914543607e-17,0.5871471439979773,0.8645773283971212,1.1710608088499546
02327100,daymet,da,100,8.832877219707873,0.16967543428042128,0.0,138.39657431840897,0.46731416938175624,0.0,508.4978633597493,0.22951558046112208,0.5315402731096365,0.6240667809708544,0.5665211718089526,0.6444120979723256,-4.188126434254213e-14,-8.057406778933814e-19,0.44793790754851986,0.9976364252058507,1.0856607692001978
02327100,daymet,da,101,8.83293960233409,0.16967595409699873,0.0,280.2593447715044,0.22952541582241903,0.0,830.9634713381529,0.4672937755891512,0.5315402730455532,0.624068634053357,0.5665208151725146,0.6444159971799974,-1.1827759802353877e-14,-2.275506088632623e-19,0.44794111999756164,0.9976397793548738,1.0856532836922672
02327100,daymet,da,102,8.832838522408395,0.16967463528426083,0.0,126.0066644996965,0.46732695830978166,0.0,531.5706070512533,0.22950957400953537,0.5315402730828231,0.6240662367246433,0.5641194986995981,0.6437854055623258,-2.9809062524857136e-14,-5.734873247784739e-19,0.44793637409271764,0.9976353634939467,1.0856665456431422
02327100,nldas,de,100,7.657555039316806,0.1268465999584741,0.0,323.88234275943336,0.33955363106331293,0.0,65.64543233506856,0.2496306657386143,0.537139346940833,0.6071961438724216,0.38837810822222174,0.5435651201942373,-9.119555684495522e-14,-1.807980657727734e-18,0.8305314257790115,0.9173652110123267,1.087796181042416
02327100,nldas,de,101,7.76209769061343,0.1314615803879775,0.0,328.0611114928413,0.29992825175489324,0.0,508.87929180225024,0.30005460398593914,0.5309718908609269,0.6077947014887437,0.40033922557576584,0.5387610856805678,-1.3443043261149437e-13,-2.6651256966912016e-18,0.4716098657216193,0.924387423423224,1.0695763417568729
02327100,nldas,de,102,7.423619008155521,0.14310952446465253,0.0,440.7795394837008,0.3003815090243157,0.0,946.5284154097926,0.3003384018810671,0.531040199055139,0.6052277862274624,0.4017901845900539,0.5362804914464787,9.521775087682315e-15,1.8877219221361369e-19,0.4678373852310946,0.9239981795796224,1.0756728124238935
02327100,nldas,da,100,7.4234010845659615,0.14311736093951313,0.0,138.39657431840897,0.3003602183709573,0.0,508.4978633597493,0.3003617942908755,0.5310401991599907,0.6052266922778866,0.3960363350085162,0.5355878076603268,-1.2619474499788314e-13,-2.5018505940037767e-18,0.551247109314942,0.9239665045909978,1.0756762145842376
02327100,nldas,da,101,7.423398969680391,0.14311866819588903,0.0,280.2593447715044,0.30037548171112954,0.0,830.9634713381529,0.30034291725030365,0.5310401990956326,0.6052242334925939,0.40179172678177055,0.5362775868197714,-1.668995973494724e-13,-3.308837121345845e-18,0.467832373384991,0.9239926022341632,1.0756737483732528
02327100,nldas,da,102,4.309951338612752,0.26180977749943896,0.0,126.1045866851606,0.13444100581879512,0.9111230411078243,531.5706070512533,0.9843282681514506,0.464195679478943,0.4855634490044334,0.3264327517369737,0.4368747612479499,-1.233509551012285e-13,-2.4454715629887632e-18,0.7761579706985242,0.8480900492625016,1.141608676154084
